{"name":"CarTypeValues","identifier":"2CIY05FO5B","description":"Enumeration representing possible types of cars available for hire","slotTypeValues":[{"sampleValue":{"value":"hatchback"},"synonyms":null},{"sampleValue":{"value":"sedan"},"synonyms":null},{"sampleValue":{"value":"ute"},"synonyms":null},{"sampleValue":{"value":"luxury"},"synonyms":null},{"sampleValue":{"value":"sports"},"synonyms":null},{"sampleValue":{"value":"minivan"},"synonyms":null}],"parentSlotTypeSignature":null,"valueSelectionSetting":{"resolutionStrategy":"TOP_RESOLUTION","regexFilter":null}}